Title,Address,Phone,Website,Url,Rating,Reviews,Category
Churrascaria Garota Da Teixeira,"R. Teixeira Ribeiro, 711 - Maré, Rio de Janeiro - RJ, 21044-251",(21) 99802-8222,https://app.anota.ai/garota-da-teixeira?from=msa&utm_source=portal-share-btn,https://www.google.com/maps/place/Churrascaria+Garota+Da+Teixeira/data=!4m7!3m6!1s0x9979d4f178aa79:0x2cce3732f2ee817e!8m2!3d-22.8555156!4d-43.2433546!16s%2Fg%2F11hdn3gl2p!19sChIJeap48dR5mQARfoHu8jI3ziw?authuser=0&hl=pt-BR&g_ep=EgoyMDI2MDgxOS4wIJJjKgBIAVAD&rclk=1,4.7,155,Churrascaria
Bar e Choperia Zero Grau,"R. da Esperança, 3 - Bonsucesso, Rio de Janeiro - RJ, 21044-400",(21) 3104-4228,https://www.instagram.com/choperiazerograupu/?hl=pt,https://www.google.com/maps/place/Bar+e+Choperia+Zero+Grau/data=!4m7!3m6!1s0x99795bd092d5a7:0x4c943c37d5e0433d!8m2!3d-22.8514682!4d-43.2468559!16s%2Fg%2F11c613d98r!19sChIJp9WS0Ft5mQARPUPg1Tc8lEw?authuser=0&hl=pt-BR&g_ep=EgoyMDI2MDgxOS4wIJJjKgBIAVAD&rclk=1,4.6,656,Restaurante
Churrasquito,"Av. Teixeira de Castro, 77 - Lj B - Bonsucesso, Rio de Janeiro - RJ, 21040-115",(21) 2147-3226,,https://www.google.com/maps/place/Churrasquito/data=!4m7!3m6!1s0x997bff8fa23e79:0xc39f083b22a9f99!8m2!3d-22.8611042!4d-43.2540447!16s%2Fg%2F1tmxxtk4!19sChIJeT6ij_97mQARmZ8qsoPwOQw?authuser=0&hl=pt-BR&g_ep=EgoyMDI2MDgxOS4wIJJjKgBIAVAD&rclk=1,4.3,476,Restaurante
Bom Lugar,"R. Tiradentes, 23 - Maré, Rio de Janeiro - RJ, 21044-230",(21) 96785-8113,,https://www.google.com/maps/place/Bom+Lugar/data=!4m7!3m6!1s0x99795d2123afab:0x3301597e7f8724f7!8m2!3d-22.851441!4d-43.2458742!16s%2Fg%2F11mlbmm2k8!19sChIJq68jIV15mQAR9ySHf35ZATM?authuser=0&hl=pt-BR&g_ep=EgoyMDI2MDgxOS4wIJJjKgBIAVAD&rclk=1,5.0,2,Restaurante
Churrascaria sabor nordestino,"R. Teixeira Ribeiro, 693 - Bonsucesso, Rio de Janeiro - RJ, 21044-251",,,https://www.google.com/maps/place/Churrascaria+sabor+nordestino/data=!4m7!3m6!1s0x9979f911a8543b:0x601900efd0775a29!8m2!3d-22.8554066!4d-43.2429522!16s%2Fg%2F11j4jzxpl2!19sChIJO1SoEfl5mQARKVp30O8AGWA?authuser=0&hl=pt-BR&g_ep=EgoyMDI2MDgxOS4wIJJjKgBIAVAD&rclk=1,5.0,3,Churrascaria
Josi Bar,"R. Teixeira Ribeiro, 671 - Bonsucesso, Rio de Janeiro - RJ, 21043-070",(21) 97212-0304,,https://www.google.com/maps/place/Josi+Bar/data=!4m7!3m6!1s0x997fb3980ae37d:0x11c92add5f337cdc!8m2!3d-22.8553935!4d-43.2445603!16s%2Fg%2F11qgc5z3_x!19sChIJfeMKmLN_mQAR3HwzX90qyRE?authuser=0&hl=pt-BR&g_ep=EgoyMDI2MDgxOS4wIJJjKgBIAVAD&rclk=1,4.8,4,Bar informal
Restaurante Galeto Dourado,"R. Roberto da Silveira, 17 - Ramos, Rio de Janeiro - RJ, 21044-180",(21) 99709-3187,,https://www.google.com/maps/place/Restaurante+Galeto+Dourado/data=!4m7!3m6!1s0x99795bb82241f1:0xb038e73932939537!8m2!3d-22.8516086!4d-43.2460279!16s%2Fg%2F11c30rq50h!19sChIJ8UEiuFt5mQARN5WTMjnnOLA?authuser=0&hl=pt-BR&g_ep=EgoyMDI2MDgxOS4wIJJjKgBIAVAD&rclk=1,4.6,1783,Restaurante
Bar e Restaurante do Batata,"R. Ari Leão, 43 - Ramos, Rio de Janeiro - RJ, 21040-005",(21) 3105-1619,,https://www.google.com/maps/place/Bar+e+Restaurante+do+Batata/data=!4m7!3m6!1s0x99795b9b6ffe2f:0x7b206c63bd77206f!8m2!3d-22.8508046!4d-43.2453204!16s%2Fg%2F11c5h4lx26!19sChIJL_5vm1t5mQARbyB3vWNsIHs?authuser=0&hl=pt-BR&g_ep=EgoyMDI2MDgxOS4wIJJjKgBIAVAD&rclk=1,4.5,180,Restaurante
Bar e Restaurante trioG do Parque União,"Av. Brg. Trompowski, 200 - Ramos, Rio de Janeiro - RJ, 21044-020",(21) 3105-4378,,https://www.google.com/maps/place/Bar+e+Restaurante+trioG+do+Parque+Uni%C3%A3o/data=!4m7!3m6!1s0x99795c69717b1b:0xfd953d0f8258467a!8m2!3d-22.8490229!4d-43.2457297!16s%2Fg%2F11c2npfnjg!19sChIJG3txaVx5mQARekZYgg89lf0?authuser=0&hl=pt-BR&g_ep=EgoyMDI2MDgxOS4wIJJjKgBIAVAD&rclk=1,4.5,126,Restaurante
Petiscaria Buscapé,"R. Principal, 87 - Maré, Rio de Janeiro - RJ, 21044-170",(21) 99869-7305,,https://www.google.com/maps/place/Petiscaria+Buscap%C3%A9/data=!4m7!3m6!1s0x99793b7ef8c129:0xd6cb3d013e12f383!8m2!3d-22.8555498!4d-43.2421203!16s%2Fg%2F11rttk82pn!19sChIJKcH4fjt5mQARg_MSPgE9y9Y?authuser=0&hl=pt-BR&g_ep=EgoyMDI2MDgxOS4wIJJjKgBIAVAD&rclk=1,5.0,9,Bar
Restaurante Cappuchu,"Av. Brasil, 7022 - Maré, Rio de Janeiro - RJ, 21044-180",(21) 3105-1300,,https://www.google.com/maps/place/Restaurante+Cappuchu/data=!4m7!3m6!1s0x99795a2a522033:0xbce6af194f35c353!8m2!3d-22.8520261!4d-43.2471903!16s%2Fg%2F11c5_jmjn2!19sChIJMyBSKlp5mQARU8M1Txmv5rw?authuser=0&hl=pt-BR&g_ep=EgoyMDI2MDgxOS4wIJJjKgBIAVAD&rclk=1,4.3,270,Restaurante
Come Come Empório,"R. Macaranduba - Maré, Rio de Janeiro - RJ, 21044-120",(21) 3976-7148,https://comecomeemporio.saipos.com/,https://www.google.com/maps/place/Come+Come+Emp%C3%B3rio/data=!4m7!3m6!1s0x99795b194762ef:0x6c9f6e9473fe8777!8m2!3d-22.8526888!4d-43.2438975!16s%2Fg%2F11f4qyqf9k!19sChIJ72JHGVt5mQARd4f-c5Run2w?authuser=0&hl=pt-BR&g_ep=EgoyMDI2MDgxOS4wIJJjKgBIAVAD&rclk=1,4.0,58,Restaurante
Brasa Social Clube,"Avenida Brasil, Praça do Parque União, 7024 - Bonsucesso, Rio de Janeiro - RJ, 21040-361",(21) 99687-5085,,https://www.google.com/maps/place/Brasa+Social+Clube/data=!4m7!3m6!1s0x997be840515a55:0x20a3dd94bdbe2b90!8m2!3d-22.8512734!4d-43.2470035!16s%2Fg%2F11h9q71bvr!19sChIJVVpRQOh7mQARkCu-vZTdoyA?authuser=0&hl=pt-BR&g_ep=EgoyMDI2MDgxOS4wIJJjKgBIAVAD&rclk=1,4.2,337,Hamburgueria
Garota da Bahia,"Av. Guilherme Maxwel - Maré, Rio de Janeiro - RJ, 21040-211",,https://instagram.com/brgarotadabahia?igshid=MzRlODBiNWFlZA==,https://www.google.com/maps/place/Garota+da+Bahia/data=!4m7!3m6!1s0x997eab5475f159:0x2c75ffe10cf5e012!8m2!3d-22.863967!4d-43.2473811!16s%2Fg%2F1tffw4mn!19sChIJWfF1VKt-mQAREuD1DOH_dSw?authuser=0&hl=pt-BR&g_ep=EgoyMDI2MDgxOS4wIJJjKgBIAVAD&rclk=1,4.6,463,Restaurante
Ponto Certo Sucos e Lanche,"R. Principal, 76 - Maré, Rio de Janeiro - RJ, 21044-690",,,https://www.google.com/maps/place/Ponto+Certo+Sucos+e+Lanche/data=!4m7!3m6!1s0x9979a24328feab:0xaf6f1343c098ed7c!8m2!3d-22.855695!4d-43.2422366!16s%2Fg%2F11l5hk766k!19sChIJq_4oQ6J5mQARfO2YwEMTb68?authuser=0&hl=pt-BR&g_ep=EgoyMDI2MDgxOS4wIJJjKgBIAVAD&rclk=1,5.0,Mais,Hamburgueria
Bar e Choperia Esperança,"R. da Esperança, 12 - Maré, Rio de Janeiro - RJ, 21040-005",(21) 3104-6126,https://barechoperiaesperanca.com.br/,https://www.google.com/maps/place/Bar+e+Choperia+Esperan%C3%A7a/data=!4m7!3m6!1s0x99795bdab76985:0xb8a6803b4c86cab8!8m2!3d-22.8516071!4d-43.2466415!16s%2Fg%2F11cnclt3f6!19sChIJhWm32lt5mQARuMqGTDuAprg?authuser=0&hl=pt-BR&g_ep=EgoyMDI2MDgxOS4wIJJjKgBIAVAD&rclk=1,4.8,5186,Restaurante
Rodrigo's Forneria e restaurante,"R. Ari Leão, 81 - Ramos, Rio de Janeiro - RJ, 21044-465",(21) 3228-0055,,https://www.google.com/maps/place/Rodrigo%27s+Forneria+e+restaurante/data=!4m7!3m6!1s0x9979d1119387c7:0xc62fd4396eebe22b!8m2!3d-22.850405!4d-43.243821!16s%2Fg%2F11fl08ym3b!19sChIJx4eTEdF5mQARK-LrbjnUL8Y?authuser=0&hl=pt-BR&g_ep=EgoyMDI2MDgxOS4wIJJjKgBIAVAD&rclk=1,5.0,2,Restaurante
Maná Refeições,"R. Aristóteles Ferreira, 25 - Bonsucesso, Rio de Janeiro - RJ, 21061-200",,,https://www.google.com/maps/place/Man%C3%A1+Refei%C3%A7%C3%B5es/data=!4m7!3m6!1s0x997c0d6c358c47:0x3991c81fd777cc7d!8m2!3d-22.8649835!4d-43.2707682!16s%2Fg%2F11c5_ty60b!19sChIJR4w1bA18mQARfcx31x_IkTk?authuser=0&hl=pt-BR&g_ep=EgoyMDI2MDgxOS4wIJJjKgBIAVAD&rclk=1,4.3,36,Restaurante self-service
Bar & Restaurante Esquina do P.U,"R. Portinari, 27 - Maré, Rio de Janeiro - RJ, 21044-440",(21) 98842-3906,https://instagram.com/bresquinad_p.u?igshid=MzRlODBiNWFlZA==,https://www.google.com/maps/place/Bar+%26+Restaurante+Esquina+do+P.U/data=!4m7!3m6!1s0x997948981c0b87:0xf285733a34b95541!8m2!3d-22.8507601!4d-43.2447623!16s%2Fg%2F11v6szcd1f!19sChIJhwscmEh5mQARQVW5NDpzhfI?authuser=0&hl=pt-BR&g_ep=EgoyMDI2MDgxOS4wIJJjKgBIAVAD&rclk=1,4.4,17,Restaurante familiar
Boisucesso Restaurante,"R. Bonsucesso, 290 - Bonsucesso, Rio de Janeiro - RJ, 21040-320",(21) 2270-0703,,https://www.google.com/maps/place/Boisucesso+Restaurante/data=!4m7!3m6!1s0x997c006af4f8b5:0xb1cfb54763544ecb!8m2!3d-22.8626951!4d-43.2536285!16s%2Fg%2F1tflbwgr!19sChIJtfj0agB8mQARy05UY0e1z7E?authuser=0&hl=pt-BR&g_ep=EgoyMDI2MDgxOS4wIJJjKgBIAVAD&rclk=1,4.5,1924,Restaurante self-service
Chapéu de Couro,"Av. Guilherme Maxwel, 437 - Bonsucesso, Rio de Janeiro - RJ, 21042-111",(21) 2290-3474,,https://www.google.com/maps/place/Chap%C3%A9u+de+Couro/data=!4m7!3m6!1s0x997eaa9657d3ed:0x3f030feecad4b77f!8m2!3d-22.8639279!4d-43.2514088!16s%2Fg%2F1tmkm5_q!19sChIJ7dNXlqp-mQARf7fUyu4PAz8?authuser=0&hl=pt-BR&g_ep=EgoyMDI2MDgxOS4wIJJjKgBIAVAD&rclk=1,4.4,699,Restaurante
Cozinha da Geh,"R. Srg. Silva Nunes, 628 - Ramos, Rio de Janeiro - RJ, 21044-242",(21) 99851-6618,,https://www.google.com/maps/place/Cozinha+da+Geh/data=!4m7!3m6!1s0x997933853c8b37:0x6e8794c87a3a9f3b!8m2!3d-22.8544975!4d-43.2433291!16s%2Fg%2F11l1fd3tvc!19sChIJN4s8hTN5mQARO586esiUh24?authuser=0&hl=pt-BR&g_ep=EgoyMDI2MDgxOS4wIJJjKgBIAVAD&rclk=1,Alimentação,,Restaurante de comida para viagem
Pensão da Nandinha,"Rua Tatajuba, 1 - Maré, Rio de Janeiro - RJ, 21043-500",(21) 99725-3112,,https://www.google.com/maps/place/Pens%C3%A3o+da+Nandinha/data=!4m7!3m6!1s0x99790043f702e5:0x4ec2eea2bd627667!8m2!3d-22.8549596!4d-43.2436188!16s%2Fg%2F11y3_0s5rj!19sChIJ5QL3QwB5mQARZ3ZivaLuwk4?authuser=0&hl=pt-BR&g_ep=EgoyMDI2MDgxOS4wIJJjKgBIAVAD&rclk=1,Pensão,,Restaurante familiar
Tapiocaria Degrau,"R. da Esperança, 6 - Bonsucesso, Rio de Janeiro - RJ, 21043-220",(21) 99827-6596,,https://www.google.com/maps/place/Tapiocaria+Degrau/data=!4m7!3m6!1s0x9979de1b960ef5:0x1567e95608082978!8m2!3d-22.8521042!4d-43.2465018!16s%2Fg%2F11rdb690th!19sChIJ9Q6WG955mQAReCkICFbpZxU?authuser=0&hl=pt-BR&g_ep=EgoyMDI2MDgxOS4wIJJjKgBIAVAD&rclk=1,4.4,5,Restaurante
P,"Nova Holanda - R. Macaranduba, 142 - Bonsucesso, Rio de Janeiro - RJ, 21044-690",(21) 99738-2422,,https://www.google.com/maps/place/P/data=!4m7!3m6!1s0x997963f0359a1f:0xfb78f1353d76b949!8m2!3d-22.8520497!4d-43.2422354!16s%2Fg%2F11n1cm4ghy!19sChIJH5o18GN5mQARSbl2PTXxePs?authuser=0&hl=pt-BR&g_ep=EgoyMDI2MDgxOS4wIJJjKgBIAVAD&rclk=1,2.5,11,Restaurante
Resumo 1,"R. Roberto da Silveira, 12 - Parque União, Rio de Janeiro - RJ, 21041-000",(21) 99707-8214,,https://www.google.com/maps/place/Resumo+1/data=!4m7!3m6!1s0x99795bcf38c239:0x2f109f5e772656fd!8m2!3d-22.8518628!4d-43.2464603!16s%2Fg%2F1ptyd8vz_!19sChIJOcI4z1t5mQAR_VYmd16fEC8?authuser=0&hl=pt-BR&g_ep=EgoyMDI2MDgxOS4wIJJjKgBIAVAD&rclk=1,4.3,170,Restaurante
Giovani Lanches - Nova Holanda,"R. Principal - Maré, Rio de Janeiro - RJ, 21044-690",(21) 96745-5733,,https://www.google.com/maps/place/Giovani+Lanches+-+Nova+Holanda/data=!4m7!3m6!1s0x99794fc38bd5cf:0xb5b068e6d8fba648!8m2!3d-22.855134!4d-43.2423561!16s%2Fg%2F11c468kdm1!19sChIJz9WLw095mQARSKb72OZosLU?authuser=0&hl=pt-BR&g_ep=EgoyMDI2MDgxOS4wIJJjKgBIAVAD&rclk=1,4.5,59,Lanchonete
Salgados da nega,"R. A, 82 - Bonsucesso, Rio de Janeiro - RJ, 21044-470",(21) 97567-7368,,https://www.google.com/maps/place/Salgados+da+nega/data=!4m7!3m6!1s0x9979e22d9ca60b:0x770afa2b844b8ea9!8m2!3d-22.8545802!4d-43.2447494!16s%2Fg%2F11vhshp219!19sChIJC6acLeJ5mQARqY5LhCv6Cnc?authuser=0&hl=pt-BR&g_ep=EgoyMDI2MDgxOS4wIJJjKgBIAVAD&rclk=1,5.0,2,Lanchonete
Lanchonete Tamo Junto,"R. Teixeira Ribeiro, 675 - Bonsucesso, Rio de Janeiro - RJ, 21044-252",,https://linkr.bio/tamojuntolanchonete,https://www.google.com/maps/place/Lanchonete+Tamo+Junto/data=!4m7!3m6!1s0x9979eac5068b8d:0x36c48b3671fab7f8!8m2!3d-22.8557445!4d-43.2442728!16s%2Fg%2F11s61tl412!19sChIJjYsGxep5mQAR-Lf6cTaLxDY?authuser=0&hl=pt-BR&g_ep=EgoyMDI2MDgxOS4wIJJjKgBIAVAD&rclk=1,4.9,37,Lanchonete
HOLANDESES BURGUER'S,"R. Principal - Maré, Rio de Janeiro - RJ, 21044-690",(21) 98685-4001,,https://www.google.com/maps/place/HOLANDESES+BURGUER%27S/data=!4m7!3m6!1s0x997991297e56e7:0xe07764b7ca69efb1!8m2!3d-22.8560614!4d-43.2420229!16s%2Fg%2F11ry9s6lbd!19sChIJ51Z-KZF5mQARse9pyrdkd-A?authuser=0&hl=pt-BR&g_ep=EgoyMDI2MDgxOS4wIJJjKgBIAVAD&rclk=1,4.2,6,Hamburgueria
